{
    "method": "Hete_MESE",
    "modularity": 0.5645613073656222,
    "paper_nmi": 0.4931012024147863,
    "author_nmi": 0.7844512294078003,
    "conference_nmi": 0.0,
    "overall_nmi": 0.4258508106075289,
    "runtime": 82.76931619644165,
    "statistics": {
        "num_communities": 4,
        "avg_size": 4.0,
        "max_size": "4",
        "min_size": "4"
    }
}