{
    "method": "MASSE",
    "modularity": 0.7123252927954677,
    "paper_nmi": 0.5073831782031129,
    "author_nmi": 0.5572307964726401,
    "conference_nmi": 0.6321195376989313,
    "overall_nmi": 0.5655778374582281,
    "runtime": 992.3803515434265,
    "statistics": {
        "num_communities": 9,
        "avg_size": 6091.777777777777,
        "max_size": "9816",
        "min_size": "3118"
    }
}