{
    "method": "MASSE",
    "modularity": 0.5407113423948728,
    "paper_nmi": 0.0,
    "author_nmi": 0.6220834068859009,
    "conference_nmi": 0.0,
    "overall_nmi": 0.20736113562863365,
    "runtime": 1296.246906042099,
    "statistics": {
        "num_communities": 114,
        "avg_size": 4.0,
        "max_size": "4",
        "min_size": "4"
    }
}