{
    "method": "MASSE",
    "modularity": 0.7250173117081299,
    "paper_nmi": 0.5213155651896024,
    "author_nmi": 0.6341356407311745,
    "conference_nmi": 0.5770908514391767,
    "overall_nmi": 0.5775140191199846,
    "runtime": 313.9781131744385,
    "statistics": {
        "num_communities": 113,
        "avg_size": 328.57522123893807,
        "max_size": "10232",
        "min_size": "4"
    }
}