{
    "method": "MASSE",
    "modularity": 0.5901583892147749,
    "paper_nmi": 0.47614018570621963,
    "author_nmi": 0.6030146350188219,
    "conference_nmi": 0.3723232085821407,
    "overall_nmi": 0.48382600976906076,
    "runtime": 99.71907114982605,
    "statistics": {
        "num_communities": 99,
        "avg_size": 387.4848484848485,
        "max_size": "12531",
        "min_size": "4"
    }
}