{
    "modularity": -0.007611063888704799,
    "surprise": 0,
    "keyword_coherence": 0,
    "nmi": 0.005174708954114969,
    "runtime_seconds": 284.8904151916504,
    "community_statistics": {
        "num_communities": 4,
        "avg_size": 3618.75,
        "max_size": 11951,
        "min_size": 2
    }
}