{
    "method": "MASSE",
    "modularity": 0.8501671317889411,
    "paper_nmi": 0.4968415926608618,
    "author_nmi": 0.5564490935775583,
    "conference_nmi": 0.6207194761358783,
    "overall_nmi": 0.5580033874580995,
    "runtime": 793.7850422859192,
    "statistics": {
        "num_communities": 18,
        "avg_size": 3216.722222222222,
        "max_size": "6861",
        "min_size": "803"
    }
}