{
    "method": "MASSE",
    "modularity": 0.8498134399914171,
    "paper_nmi": 0.500606957030062,
    "author_nmi": 0.5565430606498121,
    "conference_nmi": 0.6310271295378322,
    "overall_nmi": 0.5627257157392355,
    "runtime": 871.8903465270996,
    "statistics": {
        "num_communities": 17,
        "avg_size": 3408.5882352941176,
        "max_size": "6861",
        "min_size": "810"
    }
}